job_id,status,source_experiment_id,model,workload,gpu_count,tensor_parallel_size,request_rate,mst_rate,energy_joules,incremental_energy_joules,energy_kwh,avg_power_w,idle_avg_power_w,incremental_avg_power_w,min_power_w,p50_power_w,p90_power_w,p95_power_w,p99_power_w,max_power_w,energy_per_successful_request_j,incremental_energy_per_successful_request_j,energy_per_total_request_j,incremental_energy_per_total_request_j,energy_per_total_token_j,incremental_energy_per_total_token_j,successful_requests,started_requests,total_input_tokens,total_output_tokens,total_tokens,monitor_duration_s,repeat_count,successful_repeat_count
qwen-qwen3-30b-a3b-instruct-2507-crosscodeeval-rg1-unixcoder-cach-r28-93aea132,succeeded,code-workloads-30b-tp2-af362ed0b3,Qwen/Qwen3-30B-A3B-Instruct-2507,crosscodeeval-rg1-unixcoder-cache-realistic-shard-000_mst_anomaly_rerun,2,2,28,28,165231.224626,120715.959435,0.0458975623962,867.704158933,233.769862991,633.934295942,237.897,882.019,1016.0527,1061.70065,1131.11252,1154.545,32.4173483669,23.6837275721,32.3855791114,23.6605173334,0.0266218238088,0.019449586543,5097,5102,6188079,18529,6206608,190.423455881,1,
qwen-qwen3-30b-a3b-instruct-2507-repobench-python-java-aggregate-r11_5-6e504ffc,succeeded,code-workloads-30b-tp2-13ceea3a59,Qwen/Qwen3-30B-A3B-Instruct-2507,repobench-python-java-aggregate-cache-realistic-8k-drop-shard-000_mst_anomaly_rerun,2,2,11.5,11.5,98425.3483766,53311.9191632,0.027340374549,516.790127433,236.871651629,279.918475804,238.444,518.261,723.462,782.4787,901.44924,1064.582,56.0828195878,30.3771619163,47.4110541313,25.6801152038,0.0127787538311,0.00692158983924,1755,2076,7698141,4124,7702265,190.455163812,1,
google-gemma-4-31b-it-shard-000-r0_12,succeeded,code-workloads-30b-tp2-1c09a77f7c,google/gemma-4-31B-it,shard_000,2,2,0.12,0.126430055754,46261.110297,3192.64783994,0.0128503084158,255.21493352,237.601620718,17.6133128019,235.047,236.482,321.6372,392.25785,488.666,595.549,1713.37445544,118.246216294,1713.37445544,118.246216294,1.30988221811,0.090399746296,27,27,35237,80,35317,181.263336196,1,
google-gemma-4-31b-it-shard-000-r0_62,succeeded,code-workloads-30b-tp2-108c6c4d6c,google/gemma-4-31B-it,shard_000,2,2,0.62,0.624084225087,62034.9158666,15436.1106438,0.0172319210741,315.706767485,237.14964323,78.5571242551,235.375,238.258,524.527,659.7633,936.81066,1282.81,667.042106093,165.979684342,500.28157957,124.484763256,0.108826503402,0.0270792331063,93,124,569899,136,570035,196.495362962,1,
meta-llama-llama-3-1-8b-instruct-crosscodeeval-rg1-unixcoder-cach-r23,succeeded,code-workloads-single-gpu-598f3afec0,meta-llama/Llama-3.1-8B-Instruct,crosscodeeval-rg1-unixcoder-cache-realistic-shard-000_mst_anomaly_rerun,1,1,23,23,106107.115457,84221.2976926,0.0294741987379,557.538901571,114.998836257,442.540065314,117.076,569.535,682.866,692.1934,698.86704,706.97,25.629738033,20.3433086214,25.62354877,20.3383959654,0.021276098409,0.0168876574406,4140,4141,4972098,15053,4987151,190.313384694,1,
meta-llama-llama-3-1-8b-instruct-repobench-python-java-aggregate-r8_5,succeeded,code-workloads-single-gpu-104689c8d7,meta-llama/Llama-3.1-8B-Instruct,repobench-python-java-aggregate-cache-realistic-8k-drop-shard-000_mst_anomaly_rerun,1,1,8.5,8.5,57633.2197055,33614.0621382,0.016009227696,301.997450589,125.860126984,176.137323605,125.546,292.265,450.996,491.201,574.272,632.087,42.7546140249,24.936247877,36.0432893718,21.0219275411,0.00953930364252,0.00556371389682,1348,1599,6038058,3601,6041659,190.840086872,1,
qwen-qwen3-235b-a22b-thinking-2507-shard-000-r2_12,succeeded,code-workloads-qwen3-235b-a22b-tp8-5e4d341c9d,Qwen/Qwen3-235B-A22B-Thinking-2507,shard_000,8,8,2.12,2.125,265383.230372,82889.5419001,0.0737175639921,1400.76796346,963.25345044,437.514513019,964.14,1351.492,1865.8731,2043.998,2318.87526,2783.604,661.803567012,206.707087033,658.519182064,205.68124541,0.541800775334,0.169225530964,401,403,488401,1416,489817,189.455525322,1,
qwen-qwen3-235b-a22b-thinking-2507-shard-000-r0_81,succeeded,code-workloads-qwen3-235b-a22b-tp8-e9bc7d96d8,Qwen/Qwen3-235B-A22B-Thinking-2507,shard_000,8,8,0.81,0.8125,225069.219874,43864.0301853,0.0625192277428,1195.92418513,962.848980154,233.075204976,957.618,1038.236,1637.6872,2142.3794,2733.46588,3371.401,1596.23560194,311.092412661,1364.05587802,265.842607183,0.362401710451,0.0706289361794,141,165,620694,355,621049,188.196896319,1,
qwen-qwen3-8b-crosscodeeval-rg1-unixcoder-cach-r22,succeeded,code-workloads-single-gpu-d33f40676f,Qwen/Qwen3-8B,crosscodeeval-rg1-unixcoder-cache-realistic-shard-000_mst_anomaly_rerun,1,1,22,22,105840.899609,83111.0568079,0.0294002498913,556.369248401,119.482974937,436.886273463,122.56,567.81,684.042,692.142,699.19821,708.048,26.1852794677,20.5618646234,26.1593918953,20.5415365319,0.0214368913548,0.0168332157206,4042,4046,4922872,14453,4937325,190.234992162,1,
qwen-qwen3-8b-repobench-python-java-aggregate-r2_62,succeeded,code-workloads-single-gpu-968a99498a,Qwen/Qwen3-8B,repobench-python-java-aggregate-cache-realistic-8k-drop-shard-000_mst_anomaly_rerun,1,1,2.62,2.625,32962.1189844,10224.5535483,0.00915614416232,173.156022655,119.444578112,53.7114445427,118.816,148.903,265.967,309.951,404.1951,496.226,88.8466818985,27.5594435263,74.0721774929,22.9765248276,0.0186788398015,0.00579400850596,371,445,1763554,1123,1764677,190.360799925,1,
qwen-qwen3-4b-thinking-2507-crosscodeeval-rg1-unixcoder-cach-r37,succeeded,code-workloads-single-gpu-0d2b25b0fd,Qwen/Qwen3-4B-Thinking-2507,crosscodeeval-rg1-unixcoder-cache-realistic-shard-000_mst_anomaly_rerun,1,1,37,37,102919.436337,80262.451623,0.0285887323158,540.579845374,119.004822891,421.575022483,122.605,548.807,645.756,672.444,695.1732,704.162,15.6507658663,12.2053606483,15.6388749942,12.1960874674,0.0130020343693,0.0101397286237,6576,6581,7891617,24024,7915641,190.387113426,1,
qwen-qwen3-4b-thinking-2507-repobench-python-java-aggregate-r4,succeeded,code-workloads-single-gpu-69139254ca,Qwen/Qwen3-4B-Thinking-2507,repobench-python-java-aggregate-cache-realistic-8k-drop-shard-000_mst_anomaly_rerun,1,1,4,4,31431.3657824,9460.712238,0.00873093493955,165.41055339,115.622654971,49.7878984192,115.706,148.983,237.562,262.4962,317.5438,411.878,53.1833600379,16.0079733299,44.7103353946,13.4576276501,0.0114733615607,0.00345343479121,591,703,2737992,1516,2739508,190.020316952,1,
qwen-qwen3-30b-a3b-thinking-2507-crosscodeeval-rg1-unixcoder-cach-r28,succeeded,code-workloads-30b-tp2-3f75d58d67,Qwen/Qwen3-30B-A3B-Thinking-2507,crosscodeeval-rg1-unixcoder-cache-realistic-shard-000_mst_anomaly_rerun,2,2,28,28,164948.516778,119897.895016,0.0458190324382,868.880158381,237.307931806,631.572226575,239.544,881.818,1017.044,1057.316,1130.142,1183.594,33.2289518085,24.1534840887,33.1955155519,24.1291799188,0.0274219596392,0.0199324934967,4964,4969,5996967,18231,6015198,189.840353916,1,
qwen-qwen3-30b-a3b-thinking-2507-repobench-python-java-aggregate-r12,succeeded,code-workloads-30b-tp2-2ff4ed2a21,Qwen/Qwen3-30B-A3B-Thinking-2507,repobench-python-java-aggregate-cache-realistic-8k-drop-shard-000_mst_anomaly_rerun,2,2,12,12,99891.9392041,54698.101771,0.02774776089,525.606123208,237.79854386,287.807579348,237.52,524.865,741.6612,799.998,912.108,1067.484,57.0811081166,31.2560581549,48.3036456499,26.4497590769,0.0130245971181,0.00713191419019,1750,2068,7665095,4389,7669484,190.050942699,1,
qwen-qwen3-4b-instruct-2507-crosscodeeval-rg1-unixcoder-cach-r35,succeeded,code-workloads-single-gpu-1fa7fc3a31,Qwen/Qwen3-4B-Instruct-2507,crosscodeeval-rg1-unixcoder-cache-realistic-shard-000_mst_anomaly_rerun,1,1,35,35,101029.609745,78442.8445467,0.0280637804848,531.957928661,118.927598162,413.030330499,122.623,541.032,642.027,670.071,693.4962,704.601,15.9831687621,12.4098789031,15.9705358434,12.4000702729,0.0132073378,0.0102546288017,6321,6326,7626550,22956,7649506,189.920300652,1,
qwen-qwen3-4b-instruct-2507-repobench-python-java-aggregate-r5,succeeded,code-workloads-single-gpu-524fdfc336,Qwen/Qwen3-4B-Instruct-2507,repobench-python-java-aggregate-cache-realistic-8k-drop-shard-000_mst_anomaly_rerun,1,1,5,5,34723.5416346,11814.1879053,0.00964542823183,182.762518173,120.58018797,62.182330203,119.282,166.208,255.333,288.191,339.642,439.971,47.9606928655,16.3179390957,40.5648850872,13.8016213847,0.0105241988345,0.00358070797882,724,856,3297754,1646,3299400,189.99268549,1,
google-gemma-4-e4b-it-crosscodeeval-rg1-unixcoder-cach-r19,succeeded,code-workloads-single-gpu-1c1ebf51f1,google/gemma-4-E4B-it,crosscodeeval-rg1-unixcoder-cache-realistic-shard-000_mst_anomaly_rerun,1,1,19,19,74333.7409447,52136.5633349,0.0206482613735,387.695502276,115.77173183,271.923770446,117.027,406.279,539.38,590.125,641.621,671.555,22.1034020056,15.5029923684,22.0640370866,15.4753824087,0.0151211832671,0.0106057695884,3363,3369,4903938,11930,4915868,191.732275738,1,
google-gemma-4-e4b-it-repobench-python-java-aggregate-r8_5,succeeded,code-workloads-single-gpu-93f76de67e,google/gemma-4-E4B-it,repobench-python-java-aggregate-cache-realistic-8k-drop-shard-000_mst_anomaly_rerun,1,1,8.5,8.5,47441.2585516,24120.0141564,0.0131781273755,243.074880601,119.491111111,123.58376949,119.613,228.296,371.086,413.27,508.898,632.001,38.5075150582,19.5779335685,30.7262037252,15.6217708267,0.00658898864647,0.0033499638138,1232,1544,7198664,1418,7200082,195.171374493,1,
meta-llama-llama-3-2-3b-instruct-crosscodeeval-rg1-unixcoder-cach-r48,succeeded,code-workloads-single-gpu-b832c8a8c6,meta-llama/Llama-3.2-3B-Instruct,crosscodeeval-rg1-unixcoder-cache-realistic-shard-000_mst_anomaly_rerun,1,1,48,48,101139.709378,79016.9324236,0.0280943637162,531.340769038,116.22273183,415.118037209,118.947,528.494,650.576,680.859,693.5084,700.911,11.8236742317,9.23742488001,11.8181478591,9.23310731755,0.00956595009275,0.00747354364267,8554,8558,10540903,31984,10572887,190.348106661,1,
meta-llama-llama-3-2-3b-instruct-repobench-python-java-aggregate-r17_5,succeeded,code-workloads-single-gpu-624f9552fc,meta-llama/Llama-3.2-3B-Instruct,repobench-python-java-aggregate-cache-realistic-8k-drop-shard-000_mst_anomaly_rerun,1,1,17.5,17.5,58377.8120692,35552.7349638,0.0162160589081,306.204197197,119.72244528,186.481751917,119.757,304.707,407.333,434.407,511.204,554.479,21.790896629,13.2708977095,18.2773362771,11.1311004896,0.00493911638867,0.00300797665582,2679,3194,11812521,6964,11819485,190.649940803,1,
google-gemma-4-26b-a4b-it-crosscodeeval-rg1-unixcoder-cach-r22-d3b5552c,succeeded,code-workloads-30b-tp2-0c45271d83,google/gemma-4-26B-A4B-it,crosscodeeval-rg1-unixcoder-cache-realistic-shard-000_mst_anomaly_rerun,2,2,22,22,173424.964722,127970.301842,0.0481736013116,902.470862726,236.537507101,665.933355624,238.239,908.246,1134.293,1184.1734,1208.289,1214.199,43.994156449,32.463293212,43.9272960288,32.4139569001,0.0300380730114,0.0221650976039,3942,3948,5759356,14149,5773505,192.16682985,1,
google-gemma-4-26b-a4b-it-repobench-python-java-aggregate-r8_5,succeeded,code-workloads-30b-tp2-fdc162769f,google/gemma-4-26B-A4B-it,repobench-python-java-aggregate-cache-realistic-8k-drop-shard-000_mst_anomaly_rerun,2,2,8.5,8.5,92241.9907057,46029.1466933,0.025622775196,472.142790399,236.541524715,235.601265684,236.657,454.522,708.893,772.2692,902.288,1037.117,73.1498736762,36.5020988844,58.4920676637,29.1877911815,0.0125436060003,0.00625931288159,1261,1577,7352175,1531,7353706,195.368843031,1,
meta-llama-codellama-34b-instruct-hf-shard-000-r5_91,succeeded,code-workloads-30b-tp4-0b42a2b5d8,meta-llama/CodeLlama-34b-Instruct-hf,shard_000,4,4,5.91,5.91018313465,235880.883166,143719.933352,0.0655224675462,1245.75987748,486.73047179,759.029405693,488.539,1194.584,1864.253,2110.275,2572.50274,2767.37,228.345482252,139.128686691,227.684250161,138.725804393,0.141217963355,0.0860427348286,1033,1036,1666508,3824,1670332,189.346990082,1,
meta-llama-codellama-34b-instruct-hf-shard-000-r2,succeeded,code-workloads-30b-tp4-5577d5ac88,meta-llama/CodeLlama-34b-Instruct-hf,shard_000,4,4,2,2,133927.564186,38239.6443059,0.0372021011628,659.911636795,471.490482287,188.421154508,466.53,546.985,1037.1793,1225.6859,1537.45358,1840.475,513.132429832,146.512047149,391.601064872,111.811825456,0.0769159790849,0.0219614214558,261,342,1740928,291,1741219,202.947723178,1,
meta-llama-codellama-34b-instruct-hf-shard-000-r1_27,succeeded,code-workloads-30b-tp2-3cb21ff67a,meta-llama/CodeLlama-34b-Instruct-hf,shard_000,2,2,1.27,1.27294123607,76859.9351244,32562.7052329,0.021349981979,407.188376104,234.677756054,172.51062005,232.718,349.914,646.012,749.688,1139.3003,1385.6,307.439740498,130.250820932,307.439740498,130.250820932,0.196376849496,0.0831975912335,250,250,390450,940,391390,188.757684735,1,
meta-llama-codellama-34b-instruct-hf-shard-000-r0_84,succeeded,code-workloads-30b-tp2-5a14e8c587,meta-llama/CodeLlama-34b-Instruct-hf,shard_000,2,2,0.84,0.847162671506,61234.9898223,13582.7885971,0.0170097193951,304.725837903,237.133328321,67.5925095819,235.171,238.242,456.183,576.076,892.038,1401.125,561.788897452,124.612739423,416.564556614,92.3999224294,0.0870752739772,0.0193145298448,109,147,703118,124,703242,200.951091787,1,
qwen-qwen3-30b-a3b-instruct-2507-crosscodeeval-rg1-unixcoder-cach-r28,succeeded,code-workloads-30b-tp4-6f91abd097,Qwen/Qwen3-30B-A3B-Instruct-2507,crosscodeeval-rg1-unixcoder-cache-realistic-shard-000_mst_anomaly_rerun,4,4,28,28,231785.63009,140172.290113,0.0643848972473,1217.80601679,481.338194257,736.467822533,493.29,1267.784,1558.2548,1643.9193,1745.27468,1796,45.4036493811,27.4578433131,45.3592231096,27.4309765388,0.0372926061602,0.0225526923638,5105,5110,6196773,18551,6215324,190.330501652,1,
qwen-qwen3-30b-a3b-instruct-2507-repobench-python-java-aggregate-r11_5,succeeded,code-workloads-30b-tp4-7a9c24c205,Qwen/Qwen3-30B-A3B-Instruct-2507,repobench-python-java-aggregate-cache-realistic-8k-drop-shard-000_mst_anomaly_rerun,4,4,11.5,11.5,166948.281032,72951.6959876,0.0463745225088,876.28497647,493.373126124,382.911850346,496.112,868.917,1156.6284,1242.0071,1365.48512,1467.12,93.4760812047,40.8464143268,78.7863525397,34.4274167001,0.0210975143639,0.00921901947393,1786,2119,7908995,4178,7913173,190.518250928,1,
qwen-qwen3-14b-crosscodeeval-rg1-unixcoder-cach-r5_25,succeeded,code-workloads-single-gpu-40a2aaa026,Qwen/Qwen3-14B,crosscodeeval-rg1-unixcoder-cache-realistic-shard-000_mst_anomaly_rerun,1,1,5.25,5.25,57695.1978274,35609.6184486,0.0160264438409,303.656917015,116.23911863,187.417798385,117.127,285.211,466.392,516.4434,617.50618,709.005,59.479585389,36.7109468543,59.3571994109,36.6354099266,0.0486765111876,0.030043262803,970,972,1181721,3557,1185278,190.00126325,1,
qwen-qwen3-14b-repobench-python-java-aggregate-r0_46,succeeded,code-workloads-single-gpu-ff1322af7a,Qwen/Qwen3-14B,repobench-python-java-aggregate-cache-realistic-8k-drop-shard-000_mst_anomaly_rerun,1,1,0.46,0.46875,26276.1425809,3756.63960505,0.00729892849469,137.913267527,118.196125209,19.7171423187,117.513,118.289,189.661,235.788,333.674,370.465,410.564727826,58.6974938289,336.873622832,48.1620462185,0.082722246613,0.0118266091337,64,78,317465,178,317643,190.526575521,1,
google-gemma-4-26b-a4b-it-crosscodeeval-rg1-unixcoder-cach-r22,succeeded,code-workloads-30b-tp4-aa689bea77,google/gemma-4-26B-A4B-it,crosscodeeval-rg1-unixcoder-cache-realistic-shard-000_mst_anomaly_rerun,4,4,22,22,227416.041329,134331.127132,0.0631711225915,1186.03529538,485.462648368,700.572647011,489.851,1224.019,1564.789,1657.989,1719.6485,1738.298,56.9679462248,33.650081947,56.8824515581,33.5995815739,0.0389520615696,0.0230083784072,3992,3998,5824021,14336,5838357,191.744750106,1,
google-gemma-4-26b-a4b-it-repobench-python-java-aggregate-r10,succeeded,code-workloads-30b-tp4-ed433f1406,google/gemma-4-26B-A4B-it,repobench-python-java-aggregate-cache-realistic-8k-drop-shard-000_mst_anomaly_rerun,4,4,10,10,164505.673456,67724.7135818,0.0456960204044,842.210777059,495.4842329,346.726544159,498.284,838.633,1140.3178,1235.2524,1412.08286,1560.631,109.67044897,45.1498090545,88.5391138082,36.4503302378,0.0195813955609,0.00806139009089,1500,1858,8399320,1801,8401121,195.326013317,1,
qwen-qwen3-30b-a3b-thinking-2507-crosscodeeval-rg1-unixcoder-cach-r28-616550af,succeeded,code-workloads-30b-tp4-c10319fb73,Qwen/Qwen3-30B-A3B-Thinking-2507,crosscodeeval-rg1-unixcoder-cache-realistic-shard-000_mst_anomaly_rerun,4,4,28,28,227437.695487,136051.991519,0.0631771376352,1194.60506125,479.998815728,714.60624552,487.6,1244.67,1518.074,1606.5225,1726.1897,1791.159,45.1354823351,26.9997998648,45.0907405802,26.9730355906,0.0371943456118,0.0222494550998,5039,5044,6096415,18431,6114846,190.387352996,1,
qwen-qwen3-30b-a3b-thinking-2507-repobench-python-java-aggregate-r11_5,succeeded,code-workloads-30b-tp4-47d8467a41,Qwen/Qwen3-30B-A3B-Thinking-2507,repobench-python-java-aggregate-cache-realistic-8k-drop-shard-000_mst_anomaly_rerun,4,4,11.5,11.5,168081.973299,74320.2858776,0.0466894370275,883.963327266,493.103998938,390.859328328,494.437,880.994,1169.9692,1255.083,1379.366,1548.136,95.392720374,42.1795039033,80.6535380513,35.6623252771,0.0217590799594,0.00962114503582,1762,2084,7720267,4415,7724682,190.145867045,1,
qwen-qwen3-32b-crosscodeeval-rg1-unixcoder-cach-r3_62,succeeded,code-workloads-30b-tp2-b3ea84074d,Qwen/Qwen3-32B,crosscodeeval-rg1-unixcoder-cache-realistic-shard-000_mst_anomaly_rerun,2,2,3.62,3.625,108420.726161,63894.0770837,0.0301168683781,570.980063504,234.49233203,336.487731474,234.801,535.495,862.752,971.647,1208.422,1402.589,162.549814335,95.793219016,162.063865712,95.5068416796,0.134358666784,0.0791797225152,667,669,804571,2379,806950,189.885309648,1,
qwen-qwen3-32b-repobench-python-java-aggregate-r0_28,succeeded,code-workloads-30b-tp2-c56d280de6,Qwen/Qwen3-32B,repobench-python-java-aggregate-cache-realistic-8k-drop-shard-000_mst_anomaly_rerun,2,2,0.28,0.2890625,49364.8933469,5299.28953778,0.0137124703742,265.674667,237.154662441,28.5200045585,233.783,236.113,353.287,426.174,612.35,931.5,1204.02178895,129.250964336,931.413082018,99.9865950525,0.201288893294,0.0216082331791,41,53,245153,91,245244,185.809561387,1,
google-gemma-4-31b-it-crosscodeeval-rg1-unixcoder-cach-r4_12,succeeded,code-workloads-30b-tp4-9fdd66e534,google/gemma-4-31B-it,crosscodeeval-rg1-unixcoder-cache-realistic-shard-000_mst_anomaly_rerun,4,4,4.12,4.125,191514.472908,98620.8394583,0.0531984646966,1001.50887354,485.779465033,515.729408508,493.15,943.141,1450.239,1643.256,2149.628,2659.614,257.758375381,132.733296714,257.066406588,132.376965716,0.175668957291,0.0904611529968,743,745,1087577,2624,1090201,191.225937151,1,
google-gemma-4-31b-it-repobench-python-java-aggregate-r1,succeeded,code-workloads-30b-tp4-a5a2aae6d7,google/gemma-4-31B-it,repobench-python-java-aggregate-cache-realistic-8k-drop-shard-000_mst_anomaly_rerun,4,4,1,1,119762.539052,25777.8479011,0.0332673719588,613.133847197,481.162103936,131.971743262,480.312,518.413,913.8166,1141.193,1360.815,1711.765,803.775429877,173.005690612,627.02900027,134.962554456,0.138173461995,0.0297406393977,149,191,866557,198,866755,195.328539762,1,
meta-llama-llama-3-1-70b-instruct-shard-000-r0_24,succeeded,code-workloads-70b-tp4-77e690080a,meta-llama/Llama-3.1-70B-Instruct,shard_000,4,4,0.24,0.2421875,108305.680603,11564.5021415,0.0300849112786,564.291054226,504.038027158,60.2530270687,495.965,503.769,759.9604,862.747,1407.66494,1968.098,2777.06873341,296.525695937,2256.36834589,240.927127949,0.51138723914,0.0546041425461,39,48,211686,102,211788,191.932301233,1,
meta-llama-llama-3-1-70b-instruct-crosscodeeval-rg1-unixcoder-cach-r1_81,succeeded,code-workloads-70b-tp4,meta-llama/Llama-3.1-70B-Instruct,crosscodeeval-rg1-unixcoder-cache-realistic-shard-000_mst_anomaly_rerun,4,4,1.81,1.8125,167028.786736,74059.8622259,0.0463968852045,877.59624858,488.473759398,389.122489181,486.718,810.976,1370.3996,1508.4409,2068.73006,2586.265,503.09875523,223.071874174,503.09875523,223.071874174,0.437729405987,0.194087379385,332,332,380373,1207,381580,190.32531988,1,
qwen-qwen3-32b-crosscodeeval-rg1-unixcoder-cach-r12_5,succeeded,code-workloads-30b-tp4-676161912b,Qwen/Qwen3-32B,crosscodeeval-rg1-unixcoder-cache-realistic-shard-000_mst_anomaly_rerun,4,4,12.5,12.5,311785.76852,219109.88846,0.0866071579223,1642.10276014,488.102196481,1154.00056366,501.425,1662.367,2364.7928,2573.4532,2755.741,2787.354,147.068758736,103.353720972,146.791793089,103.159081196,0.120571658149,0.0847326762019,2120,2124,2578061,7835,2585896,189.869827935,1,
qwen-qwen3-32b-repobench-python-java-aggregate-r1_06,succeeded,code-workloads-30b-tp4-6acf1e08e9,Qwen/Qwen3-32B,repobench-python-java-aggregate-cache-realistic-8k-drop-shard-000_mst_anomaly_rerun,4,4,1.06,1.0625,124490.276094,29188.5750045,0.0345806322484,655.740406469,501.992430015,153.747976454,499.598,569.659,973.699,1209.235,1397.74375,1793.432,763.744025118,179.071012298,662.18231965,155.258377684,0.176350320139,0.0413479245764,163,188,705574,352,705926,189.8468889,1,
qwen-qwen3-235b-a22b-instruct-2507-shard-000-r0_35,succeeded,code-workloads-qwen3-235b-a22b-tp8-9eb8fec726,Qwen/Qwen3-235B-A22B-Instruct-2507,shard_000,8,8,0.35,0.359375,193910.17872,11848.9669291,0.0538639385332,1026.67272155,963.93743243,62.7352891165,953.427,963.719,1207.817,1318.825,1763.82696,2228.122,3729.04189845,227.864748636,3029.84654249,185.140108267,0.735260223409,0.044928399989,52,64,263607,123,263730,188.872436805,1,
qwen-qwen3-235b-a22b-instruct-2507-crosscodeeval-rg1-unixcoder-cach-r0_96,succeeded,code-workloads-qwen3-235b-a22b-tp8,Qwen/Qwen3-235B-A22B-Instruct-2507,crosscodeeval-rg1-unixcoder-cache-realistic-shard-000_mst_anomaly_rerun,8,8,0.96,0.96875,220009.956471,36891.3616965,0.0611138767975,1158.06137322,963.877156872,194.184216349,956.861,1099.956,1467.944,1626.558,2027.628,2494.414,1286.60793258,215.73895729,1286.60793258,215.73895729,1.0619471197,0.178067738042,171,171,206474,702,207176,189.981257953,1,
